Row,Year,Quarter,Week,WorkdayWeekend
20120101t0000,2012,1,1,2
20120102t0000,2012,1,1,1
20120103t0000,2012,1,1,1
20120104t0000,2012,1,1,1
20120106t0000,2012,1,1,1
20120107t0000,2012,1,1,2
20120108t0000,2012,1,2,2
20120109t0000,2012,1,2,1
20120110t0000,2012,1,2,1
20120111t0000,2012,1,2,1
20120112t0000,2012,1,2,1
20120113t0000,2012,1,2,1
20120114t0000,2012,1,2,2
20120115t0000,2012,1,3,2
20120116t0000,2012,1,3,1
20120117t0000,2012,1,3,1
20120118t0000,2012,1,3,1
20120119t0000,2012,1,3,1
20120120t0000,2012,1,3,1
20120121t0000,2012,1,3,2
20120122t0000,2012,1,4,2
20120123t0000,2012,1,4,1
20120124t0000,2012,1,4,1
20120125t0000,2012,1,4,1
20120126t0000,2012,1,4,1
20120127t0000,2012,1,4,1
20120128t0000,2012,1,4,2
20120129t0000,2012,1,5,2
20120130t0000,2012,1,5,1
20120131t0000,2012,1,5,1
20120201t0000,2012,1,5,1
20120202t0000,2012,1,5,1
20120203t0000,2012,1,5,1
20120204t0000,2012,1,5,2
20120205t0000,2012,1,6,2
20120206t0000,2012,1,6,1
20120207t0000,2012,1,6,1
20120208t0000,2012,1,6,1
20120209t0000,2012,1,6,1
20120210t0000,2012,1,6,1
20120211t0000,2012,1,6,2
20120212t0000,2012,1,7,2
20120213t0000,2012,1,7,1
20120214t0000,2012,1,7,1
20120215t0000,2012,1,7,1
20120216t0000,2012,1,7,1
20120217t0000,2012,1,7,1
20120218t0000,2012,1,7,2
20120219t0000,2012,1,8,2
20120220t0000,2012,1,8,1
20120221t0000,2012,1,8,1
20120222t0000,2012,1,8,1
20120223t0000,2012,1,8,1
20120224t0000,2012,1,8,1
20120225t0000,2012,1,8,2
20120226t0000,2012,1,9,2
20120227t0000,2012,1,9,1
20120228t0000,2012,1,9,1
20120229t0000,2012,1,9,1
20120301t0000,2012,1,9,1
20120302t0000,2012,1,9,1
20120303t0000,2012,1,9,2
20120304t0000,2012,1,10,2
20120305t0000,2012,1,10,1
20120306t0000,2012,1,10,1
20120307t0000,2012,1,10,1
20120308t0000,2012,1,10,1
20120309t0000,2012,1,10,1
20120310t0000,2012,1,10,2
20120311t0000,2012,1,11,2
20120312t0000,2012,1,11,1
20120313t0000,2012,1,11,1
20120314t0000,2012,1,11,1
20120315t0000,2012,1,11,1
20120316t0000,2012,1,11,1
20120317t0000,2012,1,11,2
20120318t0000,2012,1,12,2
20120319t0000,2012,1,12,1
20120320t0000,2012,1,12,1
20120321t0000,2012,1,12,1
20120322t0000,2012,1,12,1
20120323t0000,2012,1,12,1
20120324t0000,2012,1,12,2
20120325t0000,2012,1,13,2
20120326t0000,2012,1,13,1
20120327t0000,2012,1,13,1
20120328t0000,2012,1,13,1
20120329t0000,2012,1,13,1
20120330t0000,2012,1,13,1
20120331t0000,2012,1,13,2
20120401t0000,2012,2,14,2
20120402t0000,2012,2,14,1
20120403t0000,2012,2,14,1
20120404t0000,2012,2,14,1
20120405t0000,2012,2,14,1
20120406t0000,2012,2,14,1
20120407t0000,2012,2,14,2
20120408t0000,2012,2,15,2
20120409t0000,2012,2,15,1
20120410t0000,2012,2,15,1
20120411t0000,2012,2,15,1
20120412t0000,2012,2,15,1
20120413t0000,2012,2,15,1
20120414t0000,2012,2,15,2
20120415t0000,2012,2,16,2
20120416t0000,2012,2,16,1
20120417t0000,2012,2,16,1
20120418t0000,2012,2,16,1
20120419t0000,2012,2,16,1
20120420t0000,2012,2,16,1
20120421t0000,2012,2,16,2
20120422t0000,2012,2,17,2
20120423t0000,2012,2,17,1
20120424t0000,2012,2,17,1
20120425t0000,2012,2,17,1
20120426t0000,2012,2,17,1
20120427t0000,2012,2,17,1
20120428t0000,2012,2,17,2
20120429t0000,2012,2,18,2
20120430t0000,2012,2,18,1
20120501t0000,2012,2,18,1
20120502t0000,2012,2,18,1
20120503t0000,2012,2,18,1
20120504t0000,2012,2,18,1
20120505t0000,2012,2,18,2
20120506t0000,2012,2,19,2
20120507t0000,2012,2,19,1
20120508t0000,2012,2,19,1
20120509t0000,2012,2,19,1
20120510t0000,2012,2,19,1
20120511t0000,2012,2,19,1
20120512t0000,2012,2,19,2
20120513t0000,2012,2,20,2
20120514t0000,2012,2,20,1
20120515t0000,2012,2,20,1
20120516t0000,2012,2,20,1
20120517t0000,2012,2,20,1
20120518t0000,2012,2,20,1
20120519t0000,2012,2,20,2
20120520t0000,2012,2,21,2
20120521t0000,2012,2,21,1
20120522t0000,2012,2,21,1
20120523t0000,2012,2,21,1
20120524t0000,2012,2,21,1
20120525t0000,2012,2,21,1
20120526t0000,2012,2,21,2
20120527t0000,2012,2,22,2
20120528t0000,2012,2,22,1
20120529t0000,2012,2,22,1
20120530t0000,2012,2,22,1
20120531t0000,2012,2,22,1
20120601t0000,2012,2,22,1
20120602t0000,2012,2,22,2
20120603t0000,2012,2,23,2
20120604t0000,2012,2,23,1
20120605t0000,2012,2,23,1
20120606t0000,2012,2,23,1
20120607t0000,2012,2,23,1
20120608t0000,2012,2,23,1
20120609t0000,2012,2,23,2
20120610t0000,2012,2,24,2
20120611t0000,2012,2,24,1
20120612t0000,2012,2,24,1
20120613t0000,2012,2,24,1
20120614t0000,2012,2,24,1
20120615t0000,2012,2,24,1
20120616t0000,2012,2,24,2
20120617t0000,2012,2,25,2
20120618t0000,2012,2,25,1
20120619t0000,2012,2,25,1
20120620t0000,2012,2,25,1
20120621t0000,2012,2,25,1
20120622t0000,2012,2,25,1
20120623t0000,2012,2,25,2
20120624t0000,2012,2,26,2
20120625t0000,2012,2,26,1
20120626t0000,2012,2,26,1
20120627t0000,2012,2,26,1
20120628t0000,2012,2,26,1
20120629t0000,2012,2,26,1
20120630t0000,2012,2,26,2
20120701t0000,2012,3,27,2
20120702t0000,2012,3,27,1
20120703t0000,2012,3,27,1
20120704t0000,2012,3,27,1
20120705t0000,2012,3,27,1
20120706t0000,2012,3,27,1
20120707t0000,2012,3,27,2
20120708t0000,2012,3,28,2
20120709t0000,2012,3,28,1
20120710t0000,2012,3,28,1
20120711t0000,2012,3,28,1
20120712t0000,2012,3,28,1
20120713t0000,2012,3,28,1
20120714t0000,2012,3,28,2
20120715t0000,2012,3,29,2
20120716t0000,2012,3,29,1
20120717t0000,2012,3,29,1
20120718t0000,2012,3,29,1
20120719t0000,2012,3,29,1
20120720t0000,2012,3,29,1
20120721t0000,2012,3,29,2
20120722t0000,2012,3,30,2
20120723t0000,2012,3,30,1
20120724t0000,2012,3,30,1
20120725t0000,2012,3,30,1
20120726t0000,2012,3,30,1
20120727t0000,2012,3,30,1
20120728t0000,2012,3,30,2
20120729t0000,2012,3,31,2
20120730t0000,2012,3,31,1
20120731t0000,2012,3,31,1
20120801t0000,2012,3,31,1
20120802t0000,2012,3,31,1
20120803t0000,2012,3,31,1
20120804t0000,2012,3,31,2
20120805t0000,2012,3,32,2
20120806t0000,2012,3,32,1
20120807t0000,2012,3,32,1
20120808t0000,2012,3,32,1
20120809t0000,2012,3,32,1
20120810t0000,2012,3,32,1
20120811t0000,2012,3,32,2
20120812t0000,2012,3,33,2
20120813t0000,2012,3,33,1
20120814t0000,2012,3,33,1
20120815t0000,2012,3,33,1
20120816t0000,2012,3,33,1
20120817t0000,2012,3,33,1
20120818t0000,2012,3,33,2
20120819t0000,2012,3,34,2
20120820t0000,2012,3,34,1
20120821t0000,2012,3,34,1
20120822t0000,2012,3,34,1
20120823t0000,2012,3,34,1
20120824t0000,2012,3,34,1
20120825t0000,2012,3,34,2
20120826t0000,2012,3,35,2
20120827t0000,2012,3,35,1
20120828t0000,2012,3,35,1
20120829t0000,2012,3,35,1
20120830t0000,2012,3,35,1
20120831t0000,2012,3,35,1
20120901t0000,2012,3,35,2
20120902t0000,2012,3,36,2
20120903t0000,2012,3,36,1
20120904t0000,2012,3,36,1
20120905t0000,2012,3,36,1
20120906t0000,2012,3,36,1
20120907t0000,2012,3,36,1
20120908t0000,2012,3,36,2
20120909t0000,2012,3,37,2
20120910t0000,2012,3,37,1
20120911t0000,2012,3,37,1
20120912t0000,2012,3,37,1
20120913t0000,2012,3,37,1
20120914t0000,2012,3,37,1
20120915t0000,2012,3,37,2
20120916t0000,2012,3,38,2
20120917t0000,2012,3,38,1
20120918t0000,2012,3,38,1
20120919t0000,2012,3,38,1
20120920t0000,2012,3,38,1
20120921t0000,2012,3,38,1
20120922t0000,2012,3,38,2
20120923t0000,2012,3,39,2
20120924t0000,2012,3,39,1
20120925t0000,2012,3,39,1
20120926t0000,2012,3,39,1
20120927t0000,2012,3,39,1
20120928t0000,2012,3,39,1
20120929t0000,2012,3,39,2
20120930t0000,2012,3,40,2
20121001t0000,2012,4,40,1
20121002t0000,2012,4,40,1
20121003t0000,2012,4,40,1
20121004t0000,2012,4,40,1
20121005t0000,2012,4,40,1
20121006t0000,2012,4,40,2
20121007t0000,2012,4,41,2
20121008t0000,2012,4,41,1
20121009t0000,2012,4,41,1
20121010t0000,2012,4,41,1
20121011t0000,2012,4,41,1
20121012t0000,2012,4,41,1
20121013t0000,2012,4,41,2
20121014t0000,2012,4,42,2
20121015t0000,2012,4,42,1
20121016t0000,2012,4,42,1
20121017t0000,2012,4,42,1
20121018t0000,2012,4,42,1
20121019t0000,2012,4,42,1
20121020t0000,2012,4,42,2
20121021t0000,2012,4,43,2
20121022t0000,2012,4,43,1
20121023t0000,2012,4,43,1
20121024t0000,2012,4,43,1
20121025t0000,2012,4,43,1
20121026t0000,2012,4,43,1
20121027t0000,2012,4,43,2
20121028t0000,2012,4,44,2
20121029t0000,2012,4,44,1
20121030t0000,2012,4,44,1
20121031t0000,2012,4,44,1
20121101t0000,2012,4,44,1
20121102t0000,2012,4,44,1
20121103t0000,2012,4,44,2
20121104t0000,2012,4,45,2
20121105t0000,2012,4,45,1
20121106t0000,2012,4,45,1
20121107t0000,2012,4,45,1
20121108t0000,2012,4,45,1
20121109t0000,2012,4,45,1
20121110t0000,2012,4,45,2
20121111t0000,2012,4,46,2
20121112t0000,2012,4,46,1
20121113t0000,2012,4,46,1
20121114t0000,2012,4,46,1
20121115t0000,2012,4,46,1
20121116t0000,2012,4,46,1
20121117t0000,2012,4,46,2
20121118t0000,2012,4,47,2
20121119t0000,2012,4,47,1
20121120t0000,2012,4,47,1
20121121t0000,2012,4,47,1
20121122t0000,2012,4,47,1
20121123t0000,2012,4,47,1
20121124t0000,2012,4,47,2
20121125t0000,2012,4,48,2
20121126t0000,2012,4,48,1
20121127t0000,2012,4,48,1
20121128t0000,2012,4,48,1
20121129t0000,2012,4,48,1
20121130t0000,2012,4,48,1
20121201t0000,2012,4,48,2
20121202t0000,2012,4,49,2
20121203t0000,2012,4,49,1
20121204t0000,2012,4,49,1
20121205t0000,2012,4,49,1
20121206t0000,2012,4,49,1
20121207t0000,2012,4,49,1
20121208t0000,2012,4,49,2
20121209t0000,2012,4,50,2
20121210t0000,2012,4,50,1
20121211t0000,2012,4,50,1
20121212t0000,2012,4,50,1
20121213t0000,2012,4,50,1
20121214t0000,2012,4,50,1
20121215t0000,2012,4,50,2
20121216t0000,2012,4,51,2
20121217t0000,2012,4,51,1
20121218t0000,2012,4,51,1
20121219t0000,2012,4,51,1
20121220t0000,2012,4,51,1
20121221t0000,2012,4,51,1
20121222t0000,2012,4,51,2
20121223t0000,2012,4,52,2
20121224t0000,2012,4,52,1
20121225t0000,2012,4,52,1
20121226t0000,2012,4,52,1
20121227t0000,2012,4,52,1
20121228t0000,2012,4,52,1
20121229t0000,2012,4,52,2
20121230t0000,2012,4,53,2
20121231t0000,2012,4,53,1
20130101t0000,2013,1,1,1
20130102t0000,2013,1,1,1
20130103t0000,2013,1,1,1
20130104t0000,2013,1,1,1
20130105t0000,2013,1,1,2
20130106t0000,2013,1,2,2
20130107t0000,2013,1,2,1
20130108t0000,2013,1,2,1
20130109t0000,2013,1,2,1
20130110t0000,2013,1,2,1
20130111t0000,2013,1,2,1
20130112t0000,2013,1,2,2
20130113t0000,2013,1,3,2
20130114t0000,2013,1,3,1
20130115t0000,2013,1,3,1
20130116t0000,2013,1,3,1
20130117t0000,2013,1,3,1
20130118t0000,2013,1,3,1
20130119t0000,2013,1,3,2
20130120t0000,2013,1,4,2
20130121t0000,2013,1,4,1
20130122t0000,2013,1,4,1
20130123t0000,2013,1,4,1
20130124t0000,2013,1,4,1
20130125t0000,2013,1,4,1
20130126t0000,2013,1,4,2
20130127t0000,2013,1,5,2
20130128t0000,2013,1,5,1
20130129t0000,2013,1,5,1
20130130t0000,2013,1,5,1
20130131t0000,2013,1,5,1
20130201t0000,2013,1,5,1
20130202t0000,2013,1,5,2
20130203t0000,2013,1,6,2
20130204t0000,2013,1,6,1
20130205t0000,2013,1,6,1
20130206t0000,2013,1,6,1
20130207t0000,2013,1,6,1
20130208t0000,2013,1,6,1
20130209t0000,2013,1,6,2
20130210t0000,2013,1,7,2
20130211t0000,2013,1,7,1
20130212t0000,2013,1,7,1
20130213t0000,2013,1,7,1
20130214t0000,2013,1,7,1
20130215t0000,2013,1,7,1
20130216t0000,2013,1,7,2
20130217t0000,2013,1,8,2
20130218t0000,2013,1,8,1
20130219t0000,2013,1,8,1
20130220t0000,2013,1,8,1
20130221t0000,2013,1,8,1
20130222t0000,2013,1,8,1
20130223t0000,2013,1,8,2
20130224t0000,2013,1,9,2
20130225t0000,2013,1,9,1
20130226t0000,2013,1,9,1
20130227t0000,2013,1,9,1
20130228t0000,2013,1,9,1
20130301t0000,2013,1,9,1
20130302t0000,2013,1,9,2
20130303t0000,2013,1,10,2
20130304t0000,2013,1,10,1
20130305t0000,2013,1,10,1
20130306t0000,2013,1,10,1
20130307t0000,2013,1,10,1
20130308t0000,2013,1,10,1
20130309t0000,2013,1,10,2
20130310t0000,2013,1,11,2
20130311t0000,2013,1,11,1
20130312t0000,2013,1,11,1
20130313t0000,2013,1,11,1
20130314t0000,2013,1,11,1
20130315t0000,2013,1,11,1
20130316t0000,2013,1,11,2
20130317t0000,2013,1,12,2
20130318t0000,2013,1,12,1
20130319t0000,2013,1,12,1
20130320t0000,2013,1,12,1
20130321t0000,2013,1,12,1
20130322t0000,2013,1,12,1
20130323t0000,2013,1,12,2
20130324t0000,2013,1,13,2
20130325t0000,2013,1,13,1
20130326t0000,2013,1,13,1
20130327t0000,2013,1,13,1
20130328t0000,2013,1,13,1
20130329t0000,2013,1,13,1
20130330t0000,2013,1,13,2
20130331t0000,2013,1,14,2
20130401t0000,2013,2,14,1
20130402t0000,2013,2,14,1
20130403t0000,2013,2,14,1
20130404t0000,2013,2,14,1
20130405t0000,2013,2,14,1
20130406t0000,2013,2,14,2
20130407t0000,2013,2,15,2
20130408t0000,2013,2,15,1
20130409t0000,2013,2,15,1
20130410t0000,2013,2,15,1
20130411t0000,2013,2,15,1
20130412t0000,2013,2,15,1
20130413t0000,2013,2,15,2
20130414t0000,2013,2,16,2
20130415t0000,2013,2,16,1
20130416t0000,2013,2,16,1
20130417t0000,2013,2,16,1
20130418t0000,2013,2,16,1
20130419t0000,2013,2,16,1
20130420t0000,2013,2,16,2
20130421t0000,2013,2,17,2
20130422t0000,2013,2,17,1
20130423t0000,2013,2,17,1
20130424t0000,2013,2,17,1
20130425t0000,2013,2,17,1
20130426t0000,2013,2,17,1
20130427t0000,2013,2,17,2
20130428t0000,2013,2,18,2
20130429t0000,2013,2,18,1
20130430t0000,2013,2,18,1
20130501t0000,2013,2,18,1
20130502t0000,2013,2,18,1
20130503t0000,2013,2,18,1
20130504t0000,2013,2,18,2
20130505t0000,2013,2,19,2
20130506t0000,2013,2,19,1
20130507t0000,2013,2,19,1
20130508t0000,2013,2,19,1
20130509t0000,2013,2,19,1
20130510t0000,2013,2,19,1
20130511t0000,2013,2,19,2
20130512t0000,2013,2,20,2
20130513t0000,2013,2,20,1
20130514t0000,2013,2,20,1
20130515t0000,2013,2,20,1
20130516t0000,2013,2,20,1
20130517t0000,2013,2,20,1
20130518t0000,2013,2,20,2
20130519t0000,2013,2,21,2
20130520t0000,2013,2,21,1
20130521t0000,2013,2,21,1
20130522t0000,2013,2,21,1
20130523t0000,2013,2,21,1
20130524t0000,2013,2,21,1
20130525t0000,2013,2,21,2
20130526t0000,2013,2,22,2
20130527t0000,2013,2,22,1
20130528t0000,2013,2,22,1
20130529t0000,2013,2,22,1
20130530t0000,2013,2,22,1
20130531t0000,2013,2,22,1
20130601t0000,2013,2,22,2
20130602t0000,2013,2,23,2
20130603t0000,2013,2,23,1
20130604t0000,2013,2,23,1
20130605t0000,2013,2,23,1
20130606t0000,2013,2,23,1
20130607t0000,2013,2,23,1
20130608t0000,2013,2,23,2
20130609t0000,2013,2,24,2
20130610t0000,2013,2,24,1
20130611t0000,2013,2,24,1
20130612t0000,2013,2,24,1
20130613t0000,2013,2,24,1
20130614t0000,2013,2,24,1
20130615t0000,2013,2,24,2
20130616t0000,2013,2,25,2
20130617t0000,2013,2,25,1
20130618t0000,2013,2,25,1
20130619t0000,2013,2,25,1
20130620t0000,2013,2,25,1
20130621t0000,2013,2,25,1
20130622t0000,2013,2,25,2
20130623t0000,2013,2,26,2
20130624t0000,2013,2,26,1
20130625t0000,2013,2,26,1
20130626t0000,2013,2,26,1
20130627t0000,2013,2,26,1
20130628t0000,2013,2,26,1
20130629t0000,2013,2,26,2
20130630t0000,2013,2,27,2
20130701t0000,2013,3,27,1
20130702t0000,2013,3,27,1
20130703t0000,2013,3,27,1
20130704t0000,2013,3,27,1
20130705t0000,2013,3,27,1
20130706t0000,2013,3,27,2
20130707t0000,2013,3,28,2
20130708t0000,2013,3,28,1
20130709t0000,2013,3,28,1
20130710t0000,2013,3,28,1
20130711t0000,2013,3,28,1
20130712t0000,2013,3,28,1
20130713t0000,2013,3,28,2
20130714t0000,2013,3,29,2
20130715t0000,2013,3,29,1
20130716t0000,2013,3,29,1
20130717t0000,2013,3,29,1
20130718t0000,2013,3,29,1
20130719t0000,2013,3,29,1
20130720t0000,2013,3,29,2
20130721t0000,2013,3,30,2
20130722t0000,2013,3,30,1
20130723t0000,2013,3,30,1
20130724t0000,2013,3,30,1
20130725t0000,2013,3,30,1
20130726t0000,2013,3,30,1
20130727t0000,2013,3,30,2
20130728t0000,2013,3,31,2
20130729t0000,2013,3,31,1
20130730t0000,2013,3,31,1
20130731t0000,2013,3,31,1
20130801t0000,2013,3,31,1
20130802t0000,2013,3,31,1
20130803t0000,2013,3,31,2
20130804t0000,2013,3,32,2
20130805t0000,2013,3,32,1
20130806t0000,2013,3,32,1
20130807t0000,2013,3,32,1
20130808t0000,2013,3,32,1
20130809t0000,2013,3,32,1
20130810t0000,2013,3,32,2
20130811t0000,2013,3,33,2
20130812t0000,2013,3,33,1
20130813t0000,2013,3,33,1
20130814t0000,2013,3,33,1
20130815t0000,2013,3,33,1
20130816t0000,2013,3,33,1
20130817t0000,2013,3,33,2
20130818t0000,2013,3,34,2
20130819t0000,2013,3,34,1
20130820t0000,2013,3,34,1
20130821t0000,2013,3,34,1
20130822t0000,2013,3,34,1
20130823t0000,2013,3,34,1
20130824t0000,2013,3,34,2
20130825t0000,2013,3,35,2
20130826t0000,2013,3,35,1
20130827t0000,2013,3,35,1
20130828t0000,2013,3,35,1
20130829t0000,2013,3,35,1
20130830t0000,2013,3,35,1
20130831t0000,2013,3,35,2
20130901t0000,2013,3,36,2
20130902t0000,2013,3,36,1
20130903t0000,2013,3,36,1
20130904t0000,2013,3,36,1
20130905t0000,2013,3,36,1
20130906t0000,2013,3,36,1
20130907t0000,2013,3,36,2
20130908t0000,2013,3,37,2
20130909t0000,2013,3,37,1
20130910t0000,2013,3,37,1
20130911t0000,2013,3,37,1
20130912t0000,2013,3,37,1
20130913t0000,2013,3,37,1
20130914t0000,2013,3,37,2
20130915t0000,2013,3,38,2
20130916t0000,2013,3,38,1
20130917t0000,2013,3,38,1
20130918t0000,2013,3,38,1
20130919t0000,2013,3,38,1
20130920t0000,2013,3,38,1
20130921t0000,2013,3,38,2
20130922t0000,2013,3,39,2
20130923t0000,2013,3,39,1
20130924t0000,2013,3,39,1
20130925t0000,2013,3,39,1
20130926t0000,2013,3,39,1
20130927t0000,2013,3,39,1
20130928t0000,2013,3,39,2
20130929t0000,2013,3,40,2
20130930t0000,2013,3,40,1
20131001t0000,2013,4,40,1
20131002t0000,2013,4,40,1
20131003t0000,2013,4,40,1
20131004t0000,2013,4,40,1
20131005t0000,2013,4,40,2
20131006t0000,2013,4,41,2
20131007t0000,2013,4,41,1
20131008t0000,2013,4,41,1
20131009t0000,2013,4,41,1
20131010t0000,2013,4,41,1
20131011t0000,2013,4,41,1
20131012t0000,2013,4,41,2
20131013t0000,2013,4,42,2
20131014t0000,2013,4,42,1
20131015t0000,2013,4,42,1
20131016t0000,2013,4,42,1
20131017t0000,2013,4,42,1
20131018t0000,2013,4,42,1
20131019t0000,2013,4,42,2
20131020t0000,2013,4,43,2
20131021t0000,2013,4,43,1
20131022t0000,2013,4,43,1
20131023t0000,2013,4,43,1
20131024t0000,2013,4,43,1
20131025t0000,2013,4,43,1
20131026t0000,2013,4,43,2
20131027t0000,2013,4,44,2
20131028t0000,2013,4,44,1
20131029t0000,2013,4,44,1
20131030t0000,2013,4,44,1
20131031t0000,2013,4,44,1
20131101t0000,2013,4,44,1
20131102t0000,2013,4,44,2
20131103t0000,2013,4,45,2
20131104t0000,2013,4,45,1
20131105t0000,2013,4,45,1
20131106t0000,2013,4,45,1
20131107t0000,2013,4,45,1
20131108t0000,2013,4,45,1
20131109t0000,2013,4,45,2
20131110t0000,2013,4,46,2
20131111t0000,2013,4,46,1
20131112t0000,2013,4,46,1
20131113t0000,2013,4,46,1
20131114t0000,2013,4,46,1
20131115t0000,2013,4,46,1
20131116t0000,2013,4,46,2
20131117t0000,2013,4,47,2
20131118t0000,2013,4,47,1
20131119t0000,2013,4,47,1
20131120t0000,2013,4,47,1
20131121t0000,2013,4,47,1
20131122t0000,2013,4,47,1
20131123t0000,2013,4,47,2
20131124t0000,2013,4,48,2
20131125t0000,2013,4,48,1
20131126t0000,2013,4,48,1
20131127t0000,2013,4,48,1
20131128t0000,2013,4,48,1
20131129t0000,2013,4,48,1
20131130t0000,2013,4,48,2
20131201t0000,2013,4,49,2
20131202t0000,2013,4,49,1
20131203t0000,2013,4,49,1
20131204t0000,2013,4,49,1
20131205t0000,2013,4,49,1
20131206t0000,2013,4,49,1
20131207t0000,2013,4,49,2
20131208t0000,2013,4,50,2
20131209t0000,2013,4,50,1
20131210t0000,2013,4,50,1
20131211t0000,2013,4,50,1
20131212t0000,2013,4,50,1
20131213t0000,2013,4,50,1
20131214t0000,2013,4,50,2
20131215t0000,2013,4,51,2
20131216t0000,2013,4,51,1
20131217t0000,2013,4,51,1
20131218t0000,2013,4,51,1
20131219t0000,2013,4,51,1
20131220t0000,2013,4,51,1
20131221t0000,2013,4,51,2
20131222t0000,2013,4,52,2
20131223t0000,2013,4,52,1
20131224t0000,2013,4,52,1
20131225t0000,2013,4,52,1
20131226t0000,2013,4,52,1
20131227t0000,2013,4,52,1
20131228t0000,2013,4,52,2
20131229t0000,2013,4,53,2
20131230t0000,2013,4,53,1
20131231t0000,2013,4,53,1
20140101t0000,2014,1,1,1
20140102t0000,2014,1,1,1
20140103t0000,2014,1,1,1
20140104t0000,2014,1,1,2
20140105t0000,2014,1,2,2
20140106t0000,2014,1,2,1
20140107t0000,2014,1,2,1
20140108t0000,2014,1,2,1
20140109t0000,2014,1,2,1
20140110t0000,2014,1,2,1
20140111t0000,2014,1,2,2
20140112t0000,2014,1,3,2
20140113t0000,2014,1,3,1
20140114t0000,2014,1,3,1
20140115t0000,2014,1,3,1
20140116t0000,2014,1,3,1
20140117t0000,2014,1,3,1
20140118t0000,2014,1,3,2
20140119t0000,2014,1,4,2
20140120t0000,2014,1,4,1
20140121t0000,2014,1,4,1
20140122t0000,2014,1,4,1
20140123t0000,2014,1,4,1
20140124t0000,2014,1,4,1
20140125t0000,2014,1,4,2
20140126t0000,2014,1,5,2
20140127t0000,2014,1,5,1
20140128t0000,2014,1,5,1
20140129t0000,2014,1,5,1
20140130t0000,2014,1,5,1
20140131t0000,2014,1,5,1
20140201t0000,2014,1,5,2
20140202t0000,2014,1,6,2
20140203t0000,2014,1,6,1
20140204t0000,2014,1,6,1
20140205t0000,2014,1,6,1
20140206t0000,2014,1,6,1
20140207t0000,2014,1,6,1
20140208t0000,2014,1,6,2
20140209t0000,2014,1,7,2
20140210t0000,2014,1,7,1
20140211t0000,2014,1,7,1
20140212t0000,2014,1,7,1
20140213t0000,2014,1,7,1
20140214t0000,2014,1,7,1
20140215t0000,2014,1,7,2
20140216t0000,2014,1,8,2
20140217t0000,2014,1,8,1
20140218t0000,2014,1,8,1
20140219t0000,2014,1,8,1
20140220t0000,2014,1,8,1
20140221t0000,2014,1,8,1
20140222t0000,2014,1,8,2
20140223t0000,2014,1,9,2
20140224t0000,2014,1,9,1
20140225t0000,2014,1,9,1
20140226t0000,2014,1,9,1
20140227t0000,2014,1,9,1
20140228t0000,2014,1,9,1
20140301t0000,2014,1,9,2
20140302t0000,2014,1,10,2
20140303t0000,2014,1,10,1
20140304t0000,2014,1,10,1
20140305t0000,2014,1,10,1
20140306t0000,2014,1,10,1
20140307t0000,2014,1,10,1
20140308t0000,2014,1,10,2
20140309t0000,2014,1,11,2
20140310t0000,2014,1,11,1
20140311t0000,2014,1,11,1
20140312t0000,2014,1,11,1
20140313t0000,2014,1,11,1
20140314t0000,2014,1,11,1
20140315t0000,2014,1,11,2
20140316t0000,2014,1,12,2
20140317t0000,2014,1,12,1
20140318t0000,2014,1,12,1
20140319t0000,2014,1,12,1
20140320t0000,2014,1,12,1
20140321t0000,2014,1,12,1
20140322t0000,2014,1,12,2
20140323t0000,2014,1,13,2
20140324t0000,2014,1,13,1
20140325t0000,2014,1,13,1
20140326t0000,2014,1,13,1
20140327t0000,2014,1,13,1
20140328t0000,2014,1,13,1
20140329t0000,2014,1,13,2
20140330t0000,2014,1,14,2
20140331t0000,2014,1,14,1
20140401t0000,2014,2,14,1
20140402t0000,2014,2,14,1
20140403t0000,2014,2,14,1
20140404t0000,2014,2,14,1
20140405t0000,2014,2,14,2
20140406t0000,2014,2,15,2
20140407t0000,2014,2,15,1
20140408t0000,2014,2,15,1
20140409t0000,2014,2,15,1
20140410t0000,2014,2,15,1
20140411t0000,2014,2,15,1
20140412t0000,2014,2,15,2
20140413t0000,2014,2,16,2
20140414t0000,2014,2,16,1
20140415t0000,2014,2,16,1
20140416t0000,2014,2,16,1
20140417t0000,2014,2,16,1
20140418t0000,2014,2,16,1
20140419t0000,2014,2,16,2
20140420t0000,2014,2,17,2
20140421t0000,2014,2,17,1
20140422t0000,2014,2,17,1
20140423t0000,2014,2,17,1
20140424t0000,2014,2,17,1
20140425t0000,2014,2,17,1
20140426t0000,2014,2,17,2
20140427t0000,2014,2,18,2
20140428t0000,2014,2,18,1
20140429t0000,2014,2,18,1
20140430t0000,2014,2,18,1
20140501t0000,2014,2,18,1
20140502t0000,2014,2,18,1
20140503t0000,2014,2,18,2
20140504t0000,2014,2,19,2
20140505t0000,2014,2,19,1
20140506t0000,2014,2,19,1
20140507t0000,2014,2,19,1
20140508t0000,2014,2,19,1
20140509t0000,2014,2,19,1
20140510t0000,2014,2,19,2
20140511t0000,2014,2,20,2
20140512t0000,2014,2,20,1
20140513t0000,2014,2,20,1
20140514t0000,2014,2,20,1
20140515t0000,2014,2,20,1
20140516t0000,2014,2,20,1
20140517t0000,2014,2,20,2
20140518t0000,2014,2,21,2
20140519t0000,2014,2,21,1
20140520t0000,2014,2,21,1
20140521t0000,2014,2,21,1
20140522t0000,2014,2,21,1
20140523t0000,2014,2,21,1
20140524t0000,2014,2,21,2
20140525t0000,2014,2,22,2
20140526t0000,2014,2,22,1
20140527t0000,2014,2,22,1
20140528t0000,2014,2,22,1
20140529t0000,2014,2,22,1
20140530t0000,2014,2,22,1
20140531t0000,2014,2,22,2
20140601t0000,2014,2,23,2
20140602t0000,2014,2,23,1
20140603t0000,2014,2,23,1
20140604t0000,2014,2,23,1
20140605t0000,2014,2,23,1
20140606t0000,2014,2,23,1
20140607t0000,2014,2,23,2
20140608t0000,2014,2,24,2
20140609t0000,2014,2,24,1
20140610t0000,2014,2,24,1
20140611t0000,2014,2,24,1
20140612t0000,2014,2,24,1
20140613t0000,2014,2,24,1
20140614t0000,2014,2,24,2
20140615t0000,2014,2,25,2
20140616t0000,2014,2,25,1
20140617t0000,2014,2,25,1
20140618t0000,2014,2,25,1
20140619t0000,2014,2,25,1
20140620t0000,2014,2,25,1
20140621t0000,2014,2,25,2
20140622t0000,2014,2,26,2
20140623t0000,2014,2,26,1
20140624t0000,2014,2,26,1
20140625t0000,2014,2,26,1
20140626t0000,2014,2,26,1
20140627t0000,2014,2,26,1
20140628t0000,2014,2,26,2
20140629t0000,2014,2,27,2
20140630t0000,2014,2,27,1
20140701t0000,2014,3,27,1
20140702t0000,2014,3,27,1
20140703t0000,2014,3,27,1
20140704t0000,2014,3,27,1
20140705t0000,2014,3,27,2
20140706t0000,2014,3,28,2
20140707t0000,2014,3,28,1
20140708t0000,2014,3,28,1
20140709t0000,2014,3,28,1
20140710t0000,2014,3,28,1
20140711t0000,2014,3,28,1
20140712t0000,2014,3,28,2
20140713t0000,2014,3,29,2
20140714t0000,2014,3,29,1
20140715t0000,2014,3,29,1
20140716t0000,2014,3,29,1
20140717t0000,2014,3,29,1
20140718t0000,2014,3,29,1
20140719t0000,2014,3,29,2
20140720t0000,2014,3,30,2
20140721t0000,2014,3,30,1
20140722t0000,2014,3,30,1
20140723t0000,2014,3,30,1
20140724t0000,2014,3,30,1
20140725t0000,2014,3,30,1
20140726t0000,2014,3,30,2
20140727t0000,2014,3,31,2
20140728t0000,2014,3,31,1
20140729t0000,2014,3,31,1
20140730t0000,2014,3,31,1
20140731t0000,2014,3,31,1
20140801t0000,2014,3,31,1
20140802t0000,2014,3,31,2
20140803t0000,2014,3,32,2
20140804t0000,2014,3,32,1
20140805t0000,2014,3,32,1
20140806t0000,2014,3,32,1
20140807t0000,2014,3,32,1
20140808t0000,2014,3,32,1
20140809t0000,2014,3,32,2
20140810t0000,2014,3,33,2
20140811t0000,2014,3,33,1
20140812t0000,2014,3,33,1
20140813t0000,2014,3,33,1
20140814t0000,2014,3,33,1
20140815t0000,2014,3,33,1
20140816t0000,2014,3,33,2
20140817t0000,2014,3,34,2
20140818t0000,2014,3,34,1
20140819t0000,2014,3,34,1
20140820t0000,2014,3,34,1
20140821t0000,2014,3,34,1
20140822t0000,2014,3,34,1
20140823t0000,2014,3,34,2
20140824t0000,2014,3,35,2
20140825t0000,2014,3,35,1
20140826t0000,2014,3,35,1
20140827t0000,2014,3,35,1
20140828t0000,2014,3,35,1
20140829t0000,2014,3,35,1
20140830t0000,2014,3,35,2
20140831t0000,2014,3,36,2
20140901t0000,2014,3,36,1
20140903t0000,2014,3,36,1
20140904t0000,2014,3,36,1
20140905t0000,2014,3,36,1
20140906t0000,2014,3,36,2
20140907t0000,2014,3,37,2
20140908t0000,2014,3,37,1
20140909t0000,2014,3,37,1
20140910t0000,2014,3,37,1
20140911t0000,2014,3,37,1
20140912t0000,2014,3,37,1
20140913t0000,2014,3,37,2
20140914t0000,2014,3,38,2
20140915t0000,2014,3,38,1
20140916t0000,2014,3,38,1
20140917t0000,2014,3,38,1
20140918t0000,2014,3,38,1
20140919t0000,2014,3,38,1
20140920t0000,2014,3,38,2
20140921t0000,2014,3,39,2
20140922t0000,2014,3,39,1
20140923t0000,2014,3,39,1
20140924t0000,2014,3,39,1
20140925t0000,2014,3,39,1
20140926t0000,2014,3,39,1
20140927t0000,2014,3,39,2
20140928t0000,2014,3,40,2
20140929t0000,2014,3,40,1
20140930t0000,2014,3,40,1
20141001t0000,2014,4,40,1
20141002t0000,2014,4,40,1
20141003t0000,2014,4,40,1
20141004t0000,2014,4,40,2
20141005t0000,2014,4,41,2
20141006t0000,2014,4,41,1
20141007t0000,2014,4,41,1
20141008t0000,2014,4,41,1
20141009t0000,2014,4,41,1
20141010t0000,2014,4,41,1
20141011t0000,2014,4,41,2
20141012t0000,2014,4,42,2
20141013t0000,2014,4,42,1
20141014t0000,2014,4,42,1
20141015t0000,2014,4,42,1
20141016t0000,2014,4,42,1
20141017t0000,2014,4,42,1
20141018t0000,2014,4,42,2
20141019t0000,2014,4,43,2
20141020t0000,2014,4,43,1
20141021t0000,2014,4,43,1
20141022t0000,2014,4,43,1
20141023t0000,2014,4,43,1
20141024t0000,2014,4,43,1
20141025t0000,2014,4,43,2
20141026t0000,2014,4,44,2
20141027t0000,2014,4,44,1
20141028t0000,2014,4,44,1
20141029t0000,2014,4,44,1
20141030t0000,2014,4,44,1
20141031t0000,2014,4,44,1
20141101t0000,2014,4,44,2
20141102t0000,2014,4,45,2
20141103t0000,2014,4,45,1
20141104t0000,2014,4,45,1
20141105t0000,2014,4,45,1
20141106t0000,2014,4,45,1
20141107t0000,2014,4,45,1
20141108t0000,2014,4,45,2
20141109t0000,2014,4,46,2
20141110t0000,2014,4,46,1
20141111t0000,2014,4,46,1
20141112t0000,2014,4,46,1
20141113t0000,2014,4,46,1
20141114t0000,2014,4,46,1
20141115t0000,2014,4,46,2
20141116t0000,2014,4,47,2
20141117t0000,2014,4,47,1
20141118t0000,2014,4,47,1
20141119t0000,2014,4,47,1
20141120t0000,2014,4,47,1
20141121t0000,2014,4,47,1
20141122t0000,2014,4,47,2
20141123t0000,2014,4,48,2
20141124t0000,2014,4,48,1
20141125t0000,2014,4,48,1
20141126t0000,2014,4,48,1
20141127t0000,2014,4,48,1
20141128t0000,2014,4,48,1
20141129t0000,2014,4,48,2
20141130t0000,2014,4,49,2
20141201t0000,2014,4,49,1
20141202t0000,2014,4,49,1
20141203t0000,2014,4,49,1
20141204t0000,2014,4,49,1
20141205t0000,2014,4,49,1
20141206t0000,2014,4,49,2
20141207t0000,2014,4,50,2
20141208t0000,2014,4,50,1
20141209t0000,2014,4,50,1
20141210t0000,2014,4,50,1
20141211t0000,2014,4,50,1
20141212t0000,2014,4,50,1
20141213t0000,2014,4,50,2
20141214t0000,2014,4,51,2
20141215t0000,2014,4,51,1
20141216t0000,2014,4,51,1
20141217t0000,2014,4,51,1
20141218t0000,2014,4,51,1
20141219t0000,2014,4,51,1
20141220t0000,2014,4,51,2
20141221t0000,2014,4,52,2
20141222t0000,2014,4,52,1
20141223t0000,2014,4,52,1
20141224t0000,2014,4,52,1
20141225t0000,2014,4,52,1
20141226t0000,2014,4,52,1
20141227t0000,2014,4,52,2
20141228t0000,2014,4,53,2
20141229t0000,2014,4,53,1
20141230t0000,2014,4,53,1
20141231t0000,2014,4,53,1
20150101t0000,2015,1,1,1
20150102t0000,2015,1,1,1
20150103t0000,2015,1,1,2
20150104t0000,2015,1,2,2
20150105t0000,2015,1,2,1
20150106t0000,2015,1,2,1
20150107t0000,2015,1,2,1
20150108t0000,2015,1,2,1
20150109t0000,2015,1,2,1
20150110t0000,2015,1,2,2
20150111t0000,2015,1,3,2
20150112t0000,2015,1,3,1
20150113t0000,2015,1,3,1
20150114t0000,2015,1,3,1
20150115t0000,2015,1,3,1
20150116t0000,2015,1,3,1
20150117t0000,2015,1,3,2
20150118t0000,2015,1,4,2
20150119t0000,2015,1,4,1
20150121t0000,2015,1,4,1
20150122t0000,2015,1,4,1
20150123t0000,2015,1,4,1
20150124t0000,2015,1,4,2
20150125t0000,2015,1,5,2
20150126t0000,2015,1,5,1
20150127t0000,2015,1,5,1
20150128t0000,2015,1,5,1
20150129t0000,2015,1,5,1
20150130t0000,2015,1,5,1
20150131t0000,2015,1,5,2
20150201t0000,2015,1,6,2
20150202t0000,2015,1,6,1
20150203t0000,2015,1,6,1
20150204t0000,2015,1,6,1
20150205t0000,2015,1,6,1
20150206t0000,2015,1,6,1
20150207t0000,2015,1,6,2
20150208t0000,2015,1,7,2
20150209t0000,2015,1,7,1
20150210t0000,2015,1,7,1
20150211t0000,2015,1,7,1
20150212t0000,2015,1,7,1
20150213t0000,2015,1,7,1
20150214t0000,2015,1,7,2
20150215t0000,2015,1,8,2
20150216t0000,2015,1,8,1
20150217t0000,2015,1,8,1
20150219t0000,2015,1,8,1
20150220t0000,2015,1,8,1
20150221t0000,2015,1,8,2
20150222t0000,2015,1,9,2
20150223t0000,2015,1,9,1
20150224t0000,2015,1,9,1
20150225t0000,2015,1,9,1
20150226t0000,2015,1,9,1
20150227t0000,2015,1,9,1
20150228t0000,2015,1,9,2
20150301t0000,2015,1,10,2
20150302t0000,2015,1,10,1
20150303t0000,2015,1,10,1
20150305t0000,2015,1,10,1
20150306t0000,2015,1,10,1
20150307t0000,2015,1,10,2
20150308t0000,2015,1,11,2
20150309t0000,2015,1,11,1
20150310t0000,2015,1,11,1
20150311t0000,2015,1,11,1
20150312t0000,2015,1,11,1
20150313t0000,2015,1,11,1
20150314t0000,2015,1,11,2
20150315t0000,2015,1,12,2
20150316t0000,2015,1,12,1
20150317t0000,2015,1,12,1
20150318t0000,2015,1,12,1
20150319t0000,2015,1,12,1
20150320t0000,2015,1,12,1
20150321t0000,2015,1,12,2
20150322t0000,2015,1,13,2
20150323t0000,2015,1,13,1
20150324t0000,2015,1,13,1
20150325t0000,2015,1,13,1
20150326t0000,2015,1,13,1
20150327t0000,2015,1,13,1
20150328t0000,2015,1,13,2
20150329t0000,2015,1,14,2
20150330t0000,2015,1,14,1
20150331t0000,2015,1,14,1
20150401t0000,2015,2,14,1
20150402t0000,2015,2,14,1
20150403t0000,2015,2,14,1
20150404t0000,2015,2,14,2
20150405t0000,2015,2,15,2
20150406t0000,2015,2,15,1
20150407t0000,2015,2,15,1
20150408t0000,2015,2,15,1
20150409t0000,2015,2,15,1
20150410t0000,2015,2,15,1
20150411t0000,2015,2,15,2
20150412t0000,2015,2,16,2
20150413t0000,2015,2,16,1
20150414t0000,2015,2,16,1
20150415t0000,2015,2,16,1
20150416t0000,2015,2,16,1
20150417t0000,2015,2,16,1
20150418t0000,2015,2,16,2
20150419t0000,2015,2,17,2
20150420t0000,2015,2,17,1
20150421t0000,2015,2,17,1
20150422t0000,2015,2,17,1
20150423t0000,2015,2,17,1
20150424t0000,2015,2,17,1
20150425t0000,2015,2,17,2
20150426t0000,2015,2,18,2
20150427t0000,2015,2,18,1
20150428t0000,2015,2,18,1
20150429t0000,2015,2,18,1
20150430t0000,2015,2,18,1
20150501t0000,2015,2,18,1
20150502t0000,2015,2,18,2
20150503t0000,2015,2,19,2
20150504t0000,2015,2,19,1
20150505t0000,2015,2,19,1
20150506t0000,2015,2,19,1
20150507t0000,2015,2,19,1
20150508t0000,2015,2,19,1
20150509t0000,2015,2,19,2
20150510t0000,2015,2,20,2
20150511t0000,2015,2,20,1
20150512t0000,2015,2,20,1
20150513t0000,2015,2,20,1
20150514t0000,2015,2,20,1
20150515t0000,2015,2,20,1
20150516t0000,2015,2,20,2
20150517t0000,2015,2,21,2
20150518t0000,2015,2,21,1
20150519t0000,2015,2,21,1
20150520t0000,2015,2,21,1
20150521t0000,2015,2,21,1
20150522t0000,2015,2,21,1
20150523t0000,2015,2,21,2
20150524t0000,2015,2,22,2
20150525t0000,2015,2,22,1
20150526t0000,2015,2,22,1
20150527t0000,2015,2,22,1
20150528t0000,2015,2,22,1
20150529t0000,2015,2,22,1
20150530t0000,2015,2,22,2
20150531t0000,2015,2,23,2
20150601t0000,2015,2,23,1
20150602t0000,2015,2,23,1
20150603t0000,2015,2,23,1
20150604t0000,2015,2,23,1
20150605t0000,2015,2,23,1
20150606t0000,2015,2,23,2
20150607t0000,2015,2,24,2
20150608t0000,2015,2,24,1
20150609t0000,2015,2,24,1
20150611t0000,2015,2,24,1
20150612t0000,2015,2,24,1
20150613t0000,2015,2,24,2
20150614t0000,2015,2,25,2
20150615t0000,2015,2,25,1
20150616t0000,2015,2,25,1
20150617t0000,2015,2,25,1
20150618t0000,2015,2,25,1
20150619t0000,2015,2,25,1
20150620t0000,2015,2,25,2
20150621t0000,2015,2,26,2
20150622t0000,2015,2,26,1
20150623t0000,2015,2,26,1
20150624t0000,2015,2,26,1
20150625t0000,2015,2,26,1
20150626t0000,2015,2,26,1
20150627t0000,2015,2,26,2
20150628t0000,2015,2,27,2
20150629t0000,2015,2,27,1
20150630t0000,2015,2,27,1
20150701t0000,2015,3,27,1
20150702t0000,2015,3,27,1
20150703t0000,2015,3,27,1
20150704t0000,2015,3,27,2
20150705t0000,2015,3,28,2
20150706t0000,2015,3,28,1
20150707t0000,2015,3,28,1
20150708t0000,2015,3,28,1
20150709t0000,2015,3,28,1
20150710t0000,2015,3,28,1
20150711t0000,2015,3,28,2
20150712t0000,2015,3,29,2
20150713t0000,2015,3,29,1
20150714t0000,2015,3,29,1
20150715t0000,2015,3,29,1
20150716t0000,2015,3,29,1
20150717t0000,2015,3,29,1
20150718t0000,2015,3,29,2
20150719t0000,2015,3,30,2
20150720t0000,2015,3,30,1
20150721t0000,2015,3,30,1
20150722t0000,2015,3,30,1
20150723t0000,2015,3,30,1
20150724t0000,2015,3,30,1
20150725t0000,2015,3,30,2
20150726t0000,2015,3,31,2
20150727t0000,2015,3,31,1
20150728t0000,2015,3,31,1
20150729t0000,2015,3,31,1
20150730t0000,2015,3,31,1
20150731t0000,2015,3,31,1
20150801t0000,2015,3,31,2
20150802t0000,2015,3,32,2
20150803t0000,2015,3,32,1
20150804t0000,2015,3,32,1
20150805t0000,2015,3,32,1
20150806t0000,2015,3,32,1
20150807t0000,2015,3,32,1
20150808t0000,2015,3,32,2
20150809t0000,2015,3,33,2
20150810t0000,2015,3,33,1
20150811t0000,2015,3,33,1
20150812t0000,2015,3,33,1
20150813t0000,2015,3,33,1
20150814t0000,2015,3,33,1
20150815t0000,2015,3,33,2
20150816t0000,2015,3,34,2
20150817t0000,2015,3,34,1
20150818t0000,2015,3,34,1
20150819t0000,2015,3,34,1
20150820t0000,2015,3,34,1
20150821t0000,2015,3,34,1
20150822t0000,2015,3,34,2
20150823t0000,2015,3,35,2
20150824t0000,2015,3,35,1
20150825t0000,2015,3,35,1
20150826t0000,2015,3,35,1
20150827t0000,2015,3,35,1
20150828t0000,2015,3,35,1
20150829t0000,2015,3,35,2
20150830t0000,2015,3,36,2
20150831t0000,2015,3,36,1
20150901t0000,2015,3,36,1
20150902t0000,2015,3,36,1
20150903t0000,2015,3,36,1
20150904t0000,2015,3,36,1
20150905t0000,2015,3,36,2
20150906t0000,2015,3,37,2
20150907t0000,2015,3,37,1
20150908t0000,2015,3,37,1
20150909t0000,2015,3,37,1
20150910t0000,2015,3,37,1
20150911t0000,2015,3,37,1
20150912t0000,2015,3,37,2
20150913t0000,2015,3,38,2
20150914t0000,2015,3,38,1
20150915t0000,2015,3,38,1
20150916t0000,2015,3,38,1
20150917t0000,2015,3,38,1
20150918t0000,2015,3,38,1
20150919t0000,2015,3,38,2
20150920t0000,2015,3,39,2
20150921t0000,2015,3,39,1
20150922t0000,2015,3,39,1
20150923t0000,2015,3,39,1
20150924t0000,2015,3,39,1
20150925t0000,2015,3,39,1
20150926t0000,2015,3,39,2
20150927t0000,2015,3,40,2
20150928t0000,2015,3,40,1
20150929t0000,2015,3,40,1
20150930t0000,2015,3,40,1
20151001t0000,2015,4,40,1
20151002t0000,2015,4,40,1
20151003t0000,2015,4,40,2
20151004t0000,2015,4,41,2
20151005t0000,2015,4,41,1
20151006t0000,2015,4,41,1
20151007t0000,2015,4,41,1
20151008t0000,2015,4,41,1
20151009t0000,2015,4,41,1
20151010t0000,2015,4,41,2
20151011t0000,2015,4,42,2
20151012t0000,2015,4,42,1
20151013t0000,2015,4,42,1
20151014t0000,2015,4,42,1
20151015t0000,2015,4,42,1
20151016t0000,2015,4,42,1
20151017t0000,2015,4,42,2
20151018t0000,2015,4,43,2
20151019t0000,2015,4,43,1
20151020t0000,2015,4,43,1
20151021t0000,2015,4,43,1
20151022t0000,2015,4,43,1
20151023t0000,2015,4,43,1
20151024t0000,2015,4,43,2
20151025t0000,2015,4,44,2
20151026t0000,2015,4,44,1
20151027t0000,2015,4,44,1
20151028t0000,2015,4,44,1
20151029t0000,2015,4,44,1
20151030t0000,2015,4,44,1
20151031t0000,2015,4,44,2
20151101t0000,2015,4,45,2
20151102t0000,2015,4,45,1
20151103t0000,2015,4,45,1
20151104t0000,2015,4,45,1
20151105t0000,2015,4,45,1
20151106t0000,2015,4,45,1
20151107t0000,2015,4,45,2
20151108t0000,2015,4,46,2
20151109t0000,2015,4,46,1
20151110t0000,2015,4,46,1
20151111t0000,2015,4,46,1
20151112t0000,2015,4,46,1
20151113t0000,2015,4,46,1
20151114t0000,2015,4,46,2
20151115t0000,2015,4,47,2
20151116t0000,2015,4,47,1
20151117t0000,2015,4,47,1
20151118t0000,2015,4,47,1
20151119t0000,2015,4,47,1
20151120t0000,2015,4,47,1
20151121t0000,2015,4,47,2
20151122t0000,2015,4,48,2
20151123t0000,2015,4,48,1
20151124t0000,2015,4,48,1
20151125t0000,2015,4,48,1
20151126t0000,2015,4,48,1
20151127t0000,2015,4,48,1
20151128t0000,2015,4,48,2
20151129t0000,2015,4,49,2
20151130t0000,2015,4,49,1
20151201t0000,2015,4,49,1
20151202t0000,2015,4,49,1
20151203t0000,2015,4,49,1
20151204t0000,2015,4,49,1
20151205t0000,2015,4,49,2
20151206t0000,2015,4,50,2
20151207t0000,2015,4,50,1
20151208t0000,2015,4,50,1
20151209t0000,2015,4,50,1
20151210t0000,2015,4,50,1
20151211t0000,2015,4,50,1
20151212t0000,2015,4,50,2
20151213t0000,2015,4,51,2
20151214t0000,2015,4,51,1
20151215t0000,2015,4,51,1
20151216t0000,2015,4,51,1
20151217t0000,2015,4,51,1
20151218t0000,2015,4,51,1
20151219t0000,2015,4,51,2
20151220t0000,2015,4,52,2
20151221t0000,2015,4,52,1
20151222t0000,2015,4,52,1
20151223t0000,2015,4,52,1
20151224t0000,2015,4,52,1
20151225t0000,2015,4,52,1
20151226t0000,2015,4,52,2
20151227t0000,2015,4,53,2
20151228t0000,2015,4,53,1
20151229t0000,2015,4,53,1
20151230t0000,2015,4,53,1
20151231t0000,2015,4,53,1
20160101t0000,2016,1,1,1
20160102t0000,2016,1,1,2
20160103t0000,2016,1,2,2
20160104t0000,2016,1,2,1
20160105t0000,2016,1,2,1
20160106t0000,2016,1,2,1
20160107t0000,2016,1,2,1
20160108t0000,2016,1,2,1
20160109t0000,2016,1,2,2
20160110t0000,2016,1,3,2
20160111t0000,2016,1,3,1
20160112t0000,2016,1,3,1
20160113t0000,2016,1,3,1
20160114t0000,2016,1,3,1
20160115t0000,2016,1,3,1
20160116t0000,2016,1,3,2
20160117t0000,2016,1,4,2
20160118t0000,2016,1,4,1
20160119t0000,2016,1,4,1
20160120t0000,2016,1,4,1
20160121t0000,2016,1,4,1
20160122t0000,2016,1,4,1
20160123t0000,2016,1,4,2
20160124t0000,2016,1,5,2
20160125t0000,2016,1,5,1
20160126t0000,2016,1,5,1
20160127t0000,2016,1,5,1
20160128t0000,2016,1,5,1
20160129t0000,2016,1,5,1
20160130t0000,2016,1,5,2
20160131t0000,2016,1,6,2
20160201t0000,2016,1,6,1
20160202t0000,2016,1,6,1
20160203t0000,2016,1,6,1
20160204t0000,2016,1,6,1
20160205t0000,2016,1,6,1
20160206t0000,2016,1,6,2
20160207t0000,2016,1,7,2
20160208t0000,2016,1,7,1
20160209t0000,2016,1,7,1
20160210t0000,2016,1,7,1
20160211t0000,2016,1,7,1
20160212t0000,2016,1,7,1
20160213t0000,2016,1,7,2
20160214t0000,2016,1,8,2
20160215t0000,2016,1,8,1
20160216t0000,2016,1,8,1
20160217t0000,2016,1,8,1
20160218t0000,2016,1,8,1
20160219t0000,2016,1,8,1
20160220t0000,2016,1,8,2
20160221t0000,2016,1,9,2
20160222t0000,2016,1,9,1
20160223t0000,2016,1,9,1
20160224t0000,2016,1,9,1
20160225t0000,2016,1,9,1
20160226t0000,2016,1,9,1
20160227t0000,2016,1,9,2
20160228t0000,2016,1,10,2
20160229t0000,2016,1,10,1
20160301t0000,2016,1,10,1
20160302t0000,2016,1,10,1
20160303t0000,2016,1,10,1
20160304t0000,2016,1,10,1
20160305t0000,2016,1,10,2
20160306t0000,2016,1,11,2
20160307t0000,2016,1,11,1
20160308t0000,2016,1,11,1
20160309t0000,2016,1,11,1
20160310t0000,2016,1,11,1
20160311t0000,2016,1,11,1
20160312t0000,2016,1,11,2
20160313t0000,2016,1,12,2
20160314t0000,2016,1,12,1
20160315t0000,2016,1,12,1
20160316t0000,2016,1,12,1
20160317t0000,2016,1,12,1
20160318t0000,2016,1,12,1
20160319t0000,2016,1,12,2
20160320t0000,2016,1,13,2
20160321t0000,2016,1,13,1
20160322t0000,2016,1,13,1
20160323t0000,2016,1,13,1
20160324t0000,2016,1,13,1
20160325t0000,2016,1,13,1
20160326t0000,2016,1,13,2
20160327t0000,2016,1,14,2
20160328t0000,2016,1,14,1
20160329t0000,2016,1,14,1
20160330t0000,2016,1,14,1
20160331t0000,2016,1,14,1
20160401t0000,2016,2,14,1
20160402t0000,2016,2,14,2
20160403t0000,2016,2,15,2
20160404t0000,2016,2,15,1
20160405t0000,2016,2,15,1
20160406t0000,2016,2,15,1
20160407t0000,2016,2,15,1
20160408t0000,2016,2,15,1
20160409t0000,2016,2,15,2
20160410t0000,2016,2,16,2
20160411t0000,2016,2,16,1
20160412t0000,2016,2,16,1
20160413t0000,2016,2,16,1
20160414t0000,2016,2,16,1
20160415t0000,2016,2,16,1
20160416t0000,2016,2,16,2
20160417t0000,2016,2,17,2
20160418t0000,2016,2,17,1
20160419t0000,2016,2,17,1
20160420t0000,2016,2,17,1
20160421t0000,2016,2,17,1
20160422t0000,2016,2,17,1
20160423t0000,2016,2,17,2
20160424t0000,2016,2,18,2
20160425t0000,2016,2,18,1
20160426t0000,2016,2,18,1
20160427t0000,2016,2,18,1
20160428t0000,2016,2,18,1
20160429t0000,2016,2,18,1
20160430t0000,2016,2,18,2
20160501t0000,2016,2,19,2
20160502t0000,2016,2,19,1
20160503t0000,2016,2,19,1
20160504t0000,2016,2,19,1
20160505t0000,2016,2,19,1
20160506t0000,2016,2,19,1
20160507t0000,2016,2,19,2
20160508t0000,2016,2,20,2
20160509t0000,2016,2,20,1
20160510t0000,2016,2,20,1
20160511t0000,2016,2,20,1
20160512t0000,2016,2,20,1
20160513t0000,2016,2,20,1
20160514t0000,2016,2,20,2
20160515t0000,2016,2,21,2
20160516t0000,2016,2,21,1
20160517t0000,2016,2,21,1
20160518t0000,2016,2,21,1
20160519t0000,2016,2,21,1
20160520t0000,2016,2,21,1
20160521t0000,2016,2,21,2
20160522t0000,2016,2,22,2
20160523t0000,2016,2,22,1
20160524t0000,2016,2,22,1
20160525t0000,2016,2,22,1
20160526t0000,2016,2,22,1
20160527t0000,2016,2,22,1
20160528t0000,2016,2,22,2
20160529t0000,2016,2,23,2
20160530t0000,2016,2,23,1
20160531t0000,2016,2,23,1
20160601t0000,2016,2,23,1
20160602t0000,2016,2,23,1
20160603t0000,2016,2,23,1
20160604t0000,2016,2,23,2
20160605t0000,2016,2,24,2
20160606t0000,2016,2,24,1
20160607t0000,2016,2,24,1
20160608t0000,2016,2,24,1
20160609t0000,2016,2,24,1
20160610t0000,2016,2,24,1
20160611t0000,2016,2,24,2
20160612t0000,2016,2,25,2
20160613t0000,2016,2,25,1
20160614t0000,2016,2,25,1
20160615t0000,2016,2,25,1
20160616t0000,2016,2,25,1
20160617t0000,2016,2,25,1
20160618t0000,2016,2,25,2
20160619t0000,2016,2,26,2
20160620t0000,2016,2,26,1
20160621t0000,2016,2,26,1
20160622t0000,2016,2,26,1
20160623t0000,2016,2,26,1
20160624t0000,2016,2,26,1
20160625t0000,2016,2,26,2
20160626t0000,2016,2,27,2
20160627t0000,2016,2,27,1
20160628t0000,2016,2,27,1
20160629t0000,2016,2,27,1
20160630t0000,2016,2,27,1
20160701t0000,2016,3,27,1
20160702t0000,2016,3,27,2
20160703t0000,2016,3,28,2
20160704t0000,2016,3,28,1
20160705t0000,2016,3,28,1
20160706t0000,2016,3,28,1
20160707t0000,2016,3,28,1
20160708t0000,2016,3,28,1
20160709t0000,2016,3,28,2
20160710t0000,2016,3,29,2
20160711t0000,2016,3,29,1
20160712t0000,2016,3,29,1
20160713t0000,2016,3,29,1
20160714t0000,2016,3,29,1
20160715t0000,2016,3,29,1
20160716t0000,2016,3,29,2
20160717t0000,2016,3,30,2
20160718t0000,2016,3,30,1
20160719t0000,2016,3,30,1
20160720t0000,2016,3,30,1
20160721t0000,2016,3,30,1
20160722t0000,2016,3,30,1
20160723t0000,2016,3,30,2
20160724t0000,2016,3,31,2
20160725t0000,2016,3,31,1
20160726t0000,2016,3,31,1
20160727t0000,2016,3,31,1
20160728t0000,2016,3,31,1
20160729t0000,2016,3,31,1
20160730t0000,2016,3,31,2
20160731t0000,2016,3,32,2
20160801t0000,2016,3,32,1
20160802t0000,2016,3,32,1
20160803t0000,2016,3,32,1
20160804t0000,2016,3,32,1
20160805t0000,2016,3,32,1
20160806t0000,2016,3,32,2
20160807t0000,2016,3,33,2
20160808t0000,2016,3,33,1
20160809t0000,2016,3,33,1
20160810t0000,2016,3,33,1
20160811t0000,2016,3,33,1
20160812t0000,2016,3,33,1
20160813t0000,2016,3,33,2
20160814t0000,2016,3,34,2
20160815t0000,2016,3,34,1
20160816t0000,2016,3,34,1
20160817t0000,2016,3,34,1
20160818t0000,2016,3,34,1
20160819t0000,2016,3,34,1
20160820t0000,2016,3,34,2
20160821t0000,2016,3,35,2
20160822t0000,2016,3,35,1
20160823t0000,2016,3,35,1
20160824t0000,2016,3,35,1
20160825t0000,2016,3,35,1
20160826t0000,2016,3,35,1
20160827t0000,2016,3,35,2
20160828t0000,2016,3,36,2
20160829t0000,2016,3,36,1
20160830t0000,2016,3,36,1
20160831t0000,2016,3,36,1
20160901t0000,2016,3,36,1
20160902t0000,2016,3,36,1
20160903t0000,2016,3,36,2
20160904t0000,2016,3,37,2
20160905t0000,2016,3,37,1
20160906t0000,2016,3,37,1
20160907t0000,2016,3,37,1
20160908t0000,2016,3,37,1
20160909t0000,2016,3,37,1
20160910t0000,2016,3,37,2
20160911t0000,2016,3,38,2
20160912t0000,2016,3,38,1
20160913t0000,2016,3,38,1
20160914t0000,2016,3,38,1
20160915t0000,2016,3,38,1
20160916t0000,2016,3,38,1
20160917t0000,2016,3,38,2
20160918t0000,2016,3,39,2
20160919t0000,2016,3,39,1
20160920t0000,2016,3,39,1
20160921t0000,2016,3,39,1
20160922t0000,2016,3,39,1
20160923t0000,2016,3,39,1
20160924t0000,2016,3,39,2
20160925t0000,2016,3,40,2
20160926t0000,2016,3,40,1
20160927t0000,2016,3,40,1
20160928t0000,2016,3,40,1
20160929t0000,2016,3,40,1
20160930t0000,2016,3,40,1
20161001t0000,2016,4,40,2
20161002t0000,2016,4,41,2
20161003t0000,2016,4,41,1
20161004t0000,2016,4,41,1
20161005t0000,2016,4,41,1
20161006t0000,2016,4,41,1
20161007t0000,2016,4,41,1
20161008t0000,2016,4,41,2
20161009t0000,2016,4,42,2
20161010t0000,2016,4,42,1
20161011t0000,2016,4,42,1
20161012t0000,2016,4,42,1
20161013t0000,2016,4,42,1
20161014t0000,2016,4,42,1
20161015t0000,2016,4,42,2
20161016t0000,2016,4,43,2
20161017t0000,2016,4,43,1
20161018t0000,2016,4,43,1
20161019t0000,2016,4,43,1
20161020t0000,2016,4,43,1
20161021t0000,2016,4,43,1
20161022t0000,2016,4,43,2
20161023t0000,2016,4,44,2
20161024t0000,2016,4,44,1
20161025t0000,2016,4,44,1
20161026t0000,2016,4,44,1
20161027t0000,2016,4,44,1
20161028t0000,2016,4,44,1
20161029t0000,2016,4,44,2
20161030t0000,2016,4,45,2
20161031t0000,2016,4,45,1
20161101t0000,2016,4,45,1
20161102t0000,2016,4,45,1
20161103t0000,2016,4,45,1
20161104t0000,2016,4,45,1
20161105t0000,2016,4,45,2
20161106t0000,2016,4,46,2
20161107t0000,2016,4,46,1
20161108t0000,2016,4,46,1
20161109t0000,2016,4,46,1
20161110t0000,2016,4,46,1
20161111t0000,2016,4,46,1
20161112t0000,2016,4,46,2
20161113t0000,2016,4,47,2
20161114t0000,2016,4,47,1
20161115t0000,2016,4,47,1
20161116t0000,2016,4,47,1
20161117t0000,2016,4,47,1
20161118t0000,2016,4,47,1
20161119t0000,2016,4,47,2
20161120t0000,2016,4,48,2
20161121t0000,2016,4,48,1
20161122t0000,2016,4,48,1
20161123t0000,2016,4,48,1
20161124t0000,2016,4,48,1
20161125t0000,2016,4,48,1
20161126t0000,2016,4,48,2
20161127t0000,2016,4,49,2
20161128t0000,2016,4,49,1
20161129t0000,2016,4,49,1
20161130t0000,2016,4,49,1
20161201t0000,2016,4,49,1
20161202t0000,2016,4,49,1
20161203t0000,2016,4,49,2
20161204t0000,2016,4,50,2
20161205t0000,2016,4,50,1
20161206t0000,2016,4,50,1
20161207t0000,2016,4,50,1
20161208t0000,2016,4,50,1
20161209t0000,2016,4,50,1
20161210t0000,2016,4,50,2
20161211t0000,2016,4,51,2
20161212t0000,2016,4,51,1
20161213t0000,2016,4,51,1
20161214t0000,2016,4,51,1
20161215t0000,2016,4,51,1
20161216t0000,2016,4,51,1
20161217t0000,2016,4,51,2
20161218t0000,2016,4,52,2
20161219t0000,2016,4,52,1
20161220t0000,2016,4,52,1
20161221t0000,2016,4,52,1
20161222t0000,2016,4,52,1
20161223t0000,2016,4,52,1
20161224t0000,2016,4,52,2
20161225t0000,2016,4,53,2
20161226t0000,2016,4,53,1
20161227t0000,2016,4,53,1
20161228t0000,2016,4,53,1
20161229t0000,2016,4,53,1
20161230t0000,2016,4,53,1
20161231t0000,2016,4,53,2
20170101t0000,2017,1,1,2
20170102t0000,2017,1,1,1
20170103t0000,2017,1,1,1
20170104t0000,2017,1,1,1
20170105t0000,2017,1,1,1
20170106t0000,2017,1,1,1
20170107t0000,2017,1,1,2
20170108t0000,2017,1,2,2
20170109t0000,2017,1,2,1
20170110t0000,2017,1,2,1
20170111t0000,2017,1,2,1
20170112t0000,2017,1,2,1
20170113t0000,2017,1,2,1
20170114t0000,2017,1,2,2
20170115t0000,2017,1,3,2
20170116t0000,2017,1,3,1
20170117t0000,2017,1,3,1
20170118t0000,2017,1,3,1
20170119t0000,2017,1,3,1
20170120t0000,2017,1,3,1
20170121t0000,2017,1,3,2
20170122t0000,2017,1,4,2
20170123t0000,2017,1,4,1
20170124t0000,2017,1,4,1
20170125t0000,2017,1,4,1
20170126t0000,2017,1,4,1
20170127t0000,2017,1,4,1
20170128t0000,2017,1,4,2
20170129t0000,2017,1,5,2
20170130t0000,2017,1,5,1
20170131t0000,2017,1,5,1
20170201t0000,2017,1,5,1
20170202t0000,2017,1,5,1
20170203t0000,2017,1,5,1
20170204t0000,2017,1,5,2
20170205t0000,2017,1,6,2
20170206t0000,2017,1,6,1
20170207t0000,2017,1,6,1
20170208t0000,2017,1,6,1
20170209t0000,2017,1,6,1
20170210t0000,2017,1,6,1
20170211t0000,2017,1,6,2
20170212t0000,2017,1,7,2
20170213t0000,2017,1,7,1
20170214t0000,2017,1,7,1
20170215t0000,2017,1,7,1
20170216t0000,2017,1,7,1
20170217t0000,2017,1,7,1
20170218t0000,2017,1,7,2
20170219t0000,2017,1,8,2
20170220t0000,2017,1,8,1
20170221t0000,2017,1,8,1
20170222t0000,2017,1,8,1
20170223t0000,2017,1,8,1
20170224t0000,2017,1,8,1
20170225t0000,2017,1,8,2
20170226t0000,2017,1,9,2
20170227t0000,2017,1,9,1
20170228t0000,2017,1,9,1
20170301t0000,2017,1,9,1
20170302t0000,2017,1,9,1
20170303t0000,2017,1,9,1
20170304t0000,2017,1,9,2
20170305t0000,2017,1,10,2
20170306t0000,2017,1,10,1
20170307t0000,2017,1,10,1
20170308t0000,2017,1,10,1
20170309t0000,2017,1,10,1
20170310t0000,2017,1,10,1
20170311t0000,2017,1,10,2
20170312t0000,2017,1,11,2
20170313t0000,2017,1,11,1
20170314t0000,2017,1,11,1
20170315t0000,2017,1,11,1
20170316t0000,2017,1,11,1
20170317t0000,2017,1,11,1
20170318t0000,2017,1,11,2
20170319t0000,2017,1,12,2
20170320t0000,2017,1,12,1
20170321t0000,2017,1,12,1
20170322t0000,2017,1,12,1
20170323t0000,2017,1,12,1
20170324t0000,2017,1,12,1
20170325t0000,2017,1,12,2
20170326t0000,2017,1,13,2
20170327t0000,2017,1,13,1
20170328t0000,2017,1,13,1
20170329t0000,2017,1,13,1
20170330t0000,2017,1,13,1
20170331t0000,2017,1,13,1
20170401t0000,2017,2,13,2
20170402t0000,2017,2,14,2
20170403t0000,2017,2,14,1
20170404t0000,2017,2,14,1
20170405t0000,2017,2,14,1
20170406t0000,2017,2,14,1
20170407t0000,2017,2,14,1
20170408t0000,2017,2,14,2
20170409t0000,2017,2,15,2
20170410t0000,2017,2,15,1
20170411t0000,2017,2,15,1
20170412t0000,2017,2,15,1
20170413t0000,2017,2,15,1
20170414t0000,2017,2,15,1
20170415t0000,2017,2,15,2
20170416t0000,2017,2,16,2
20170417t0000,2017,2,16,1
20170418t0000,2017,2,16,1
20170419t0000,2017,2,16,1
20170420t0000,2017,2,16,1
20170421t0000,2017,2,16,1
20170422t0000,2017,2,16,2
20170423t0000,2017,2,17,2
20170424t0000,2017,2,17,1
20170425t0000,2017,2,17,1
20170426t0000,2017,2,17,1
20170427t0000,2017,2,17,1
20170428t0000,2017,2,17,1
20170429t0000,2017,2,17,2
20170430t0000,2017,2,18,2
20170501t0000,2017,2,18,1
20170502t0000,2017,2,18,1
20170503t0000,2017,2,18,1
20170504t0000,2017,2,18,1
20170505t0000,2017,2,18,1
20170506t0000,2017,2,18,2
20170507t0000,2017,2,19,2
20170508t0000,2017,2,19,1
20170509t0000,2017,2,19,1
20170510t0000,2017,2,19,1
20170511t0000,2017,2,19,1
20170512t0000,2017,2,19,1
20170513t0000,2017,2,19,2
20170514t0000,2017,2,20,2
20170515t0000,2017,2,20,1
20170516t0000,2017,2,20,1
20170517t0000,2017,2,20,1
20170518t0000,2017,2,20,1
20170519t0000,2017,2,20,1
20170520t0000,2017,2,20,2
20170521t0000,2017,2,21,2
20170522t0000,2017,2,21,1
20170523t0000,2017,2,21,1
20170524t0000,2017,2,21,1
20170525t0000,2017,2,21,1
20170526t0000,2017,2,21,1
20170527t0000,2017,2,21,2
20170528t0000,2017,2,22,2
20170529t0000,2017,2,22,1
20170530t0000,2017,2,22,1
20170531t0000,2017,2,22,1
20170601t0000,2017,2,22,1
20170602t0000,2017,2,22,1
20170603t0000,2017,2,22,2
20170604t0000,2017,2,23,2
20170605t0000,2017,2,23,1
20170606t0000,2017,2,23,1
20170607t0000,2017,2,23,1
20170608t0000,2017,2,23,1
20170609t0000,2017,2,23,1
20170610t0000,2017,2,23,2
20170611t0000,2017,2,24,2
20170612t0000,2017,2,24,1
20170613t0000,2017,2,24,1
20170614t0000,2017,2,24,1
20170615t0000,2017,2,24,1
20170616t0000,2017,2,24,1
20170617t0000,2017,2,24,2
20170618t0000,2017,2,25,2
20170619t0000,2017,2,25,1
20170620t0000,2017,2,25,1
20170621t0000,2017,2,25,1
20170622t0000,2017,2,25,1
20170623t0000,2017,2,25,1
20170624t0000,2017,2,25,2
20170625t0000,2017,2,26,2
20170626t0000,2017,2,26,1
20170627t0000,2017,2,26,1
20170628t0000,2017,2,26,1
20170629t0000,2017,2,26,1
20170630t0000,2017,2,26,1
20170702t0000,2017,3,27,2
20170703t0000,2017,3,27,1
20170704t0000,2017,3,27,1
20170705t0000,2017,3,27,1
20170706t0000,2017,3,27,1
20170707t0000,2017,3,27,1
20170708t0000,2017,3,27,2
20170709t0000,2017,3,28,2
20170710t0000,2017,3,28,1
20170711t0000,2017,3,28,1
20170712t0000,2017,3,28,1
20170713t0000,2017,3,28,1
20170714t0000,2017,3,28,1
20170715t0000,2017,3,28,2
20170716t0000,2017,3,29,2
20170717t0000,2017,3,29,1
20170718t0000,2017,3,29,1
20170719t0000,2017,3,29,1
20170720t0000,2017,3,29,1
20170721t0000,2017,3,29,1
20170722t0000,2017,3,29,2
20170723t0000,2017,3,30,2
20170724t0000,2017,3,30,1
20170725t0000,2017,3,30,1
20170726t0000,2017,3,30,1
20170727t0000,2017,3,30,1
20170728t0000,2017,3,30,1
20170729t0000,2017,3,30,2
20170730t0000,2017,3,31,2
20170731t0000,2017,3,31,1
20170801t0000,2017,3,31,1
20170802t0000,2017,3,31,1
20170803t0000,2017,3,31,1
20170804t0000,2017,3,31,1
20170805t0000,2017,3,31,2
20170806t0000,2017,3,32,2
20170807t0000,2017,3,32,1
20170808t0000,2017,3,32,1
20170809t0000,2017,3,32,1
20170810t0000,2017,3,32,1
20170811t0000,2017,3,32,1
20170812t0000,2017,3,32,2
20170813t0000,2017,3,33,2
20170814t0000,2017,3,33,1
20170815t0000,2017,3,33,1
20170816t0000,2017,3,33,1
20170817t0000,2017,3,33,1
20170818t0000,2017,3,33,1
20170819t0000,2017,3,33,2
20170820t0000,2017,3,34,2
20170821t0000,2017,3,34,1
20170822t0000,2017,3,34,1
20170823t0000,2017,3,34,1
20170824t0000,2017,3,34,1
20170825t0000,2017,3,34,1
20170826t0000,2017,3,34,2
20170827t0000,2017,3,35,2
20170828t0000,2017,3,35,1
20170829t0000,2017,3,35,1
20170830t0000,2017,3,35,1
20170831t0000,2017,3,35,1
20170901t0000,2017,3,35,1
20170902t0000,2017,3,35,2
20170903t0000,2017,3,36,2
20170904t0000,2017,3,36,1
20170905t0000,2017,3,36,1
20170906t0000,2017,3,36,1
20170907t0000,2017,3,36,1
20170908t0000,2017,3,36,1
20170909t0000,2017,3,36,2
20170910t0000,2017,3,37,2
20170911t0000,2017,3,37,1
20170912t0000,2017,3,37,1
20170913t0000,2017,3,37,1
20170914t0000,2017,3,37,1
20170915t0000,2017,3,37,1
20170916t0000,2017,3,37,2
20170917t0000,2017,3,38,2
20170918t0000,2017,3,38,1
20170919t0000,2017,3,38,1
20170920t0000,2017,3,38,1
20170921t0000,2017,3,38,1
20170922t0000,2017,3,38,1
20170923t0000,2017,3,38,2
20170924t0000,2017,3,39,2
20170925t0000,2017,3,39,1
20170926t0000,2017,3,39,1
20170927t0000,2017,3,39,1
20170928t0000,2017,3,39,1
20170929t0000,2017,3,39,1
20170930t0000,2017,3,39,2
20171001t0000,2017,4,40,2
20171002t0000,2017,4,40,1
20171003t0000,2017,4,40,1
20171004t0000,2017,4,40,1
20171005t0000,2017,4,40,1
20171006t0000,2017,4,40,1
20171007t0000,2017,4,40,2
20171008t0000,2017,4,41,2
20171009t0000,2017,4,41,1
20171010t0000,2017,4,41,1
20171011t0000,2017,4,41,1
20171012t0000,2017,4,41,1
20171013t0000,2017,4,41,1
20171014t0000,2017,4,41,2
20171016t0000,2017,4,42,1
20171017t0000,2017,4,42,1
20171018t0000,2017,4,42,1
20171019t0000,2017,4,42,1
20171020t0000,2017,4,42,1
20171021t0000,2017,4,42,2
20171022t0000,2017,4,43,2
20171023t0000,2017,4,43,1
20171024t0000,2017,4,43,1
20171025t0000,2017,4,43,1
20171026t0000,2017,4,43,1
20171027t0000,2017,4,43,1
20171028t0000,2017,4,43,2
20171029t0000,2017,4,44,2
20171030t0000,2017,4,44,1
20171031t0000,2017,4,44,1
20171102t0000,2017,4,44,1
20171103t0000,2017,4,44,1
20171104t0000,2017,4,44,2
20171105t0000,2017,4,45,2
20171106t0000,2017,4,45,1
20171107t0000,2017,4,45,1
20171108t0000,2017,4,45,1
20171109t0000,2017,4,45,1
20171110t0000,2017,4,45,1
20171111t0000,2017,4,45,2
20171112t0000,2017,4,46,2
20171113t0000,2017,4,46,1
20171114t0000,2017,4,46,1
20171115t0000,2017,4,46,1
20171116t0000,2017,4,46,1
20171117t0000,2017,4,46,1
20171118t0000,2017,4,46,2
20171119t0000,2017,4,47,2
20171120t0000,2017,4,47,1
20171121t0000,2017,4,47,1
20171122t0000,2017,4,47,1
20171123t0000,2017,4,47,1
20171124t0000,2017,4,47,1
20171125t0000,2017,4,47,2
20171126t0000,2017,4,48,2
20171127t0000,2017,4,48,1
20171128t0000,2017,4,48,1
20171129t0000,2017,4,48,1
20171130t0000,2017,4,48,1
20171201t0000,2017,4,48,1
20171202t0000,2017,4,48,2
20171203t0000,2017,4,49,2
20171204t0000,2017,4,49,1
20171205t0000,2017,4,49,1
20171206t0000,2017,4,49,1
20171207t0000,2017,4,49,1
20171208t0000,2017,4,49,1
20171209t0000,2017,4,49,2
20171210t0000,2017,4,50,2
20171211t0000,2017,4,50,1
20171212t0000,2017,4,50,1
20171213t0000,2017,4,50,1
20171214t0000,2017,4,50,1
20171215t0000,2017,4,50,1
20171216t0000,2017,4,50,2
20171217t0000,2017,4,51,2
20171218t0000,2017,4,51,1
20171219t0000,2017,4,51,1
20171220t0000,2017,4,51,1
20171221t0000,2017,4,51,1
20171222t0000,2017,4,51,1
20171223t0000,2017,4,51,2
20171224t0000,2017,4,52,2
20171225t0000,2017,4,52,1
20171226t0000,2017,4,52,1
20171227t0000,2017,4,52,1
20171228t0000,2017,4,52,1
20171229t0000,2017,4,52,1
20171230t0000,2017,4,52,2
20171231t0000,2017,4,53,2
20180101t0000,2018,1,1,1
20180102t0000,2018,1,1,1
20180103t0000,2018,1,1,1
20180104t0000,2018,1,1,1
20180105t0000,2018,1,1,1
20180106t0000,2018,1,1,2
20180107t0000,2018,1,2,2
20180108t0000,2018,1,2,1
20180109t0000,2018,1,2,1
20180110t0000,2018,1,2,1
20180111t0000,2018,1,2,1
20180112t0000,2018,1,2,1
20180113t0000,2018,1,2,2
20180114t0000,2018,1,3,2
20180115t0000,2018,1,3,1
20180116t0000,2018,1,3,1
20180117t0000,2018,1,3,1
20180118t0000,2018,1,3,1
20180119t0000,2018,1,3,1
20180120t0000,2018,1,3,2
20180121t0000,2018,1,4,2
20180122t0000,2018,1,4,1
20180123t0000,2018,1,4,1
20180124t0000,2018,1,4,1
20180125t0000,2018,1,4,1
20180126t0000,2018,1,4,1
20180127t0000,2018,1,4,2
20180128t0000,2018,1,5,2
20180129t0000,2018,1,5,1
20180130t0000,2018,1,5,1
20180131t0000,2018,1,5,1
20180201t0000,2018,1,5,1
20180202t0000,2018,1,5,1
20180203t0000,2018,1,5,2
20180204t0000,2018,1,6,2
20180205t0000,2018,1,6,1
20180206t0000,2018,1,6,1
20180207t0000,2018,1,6,1
20180208t0000,2018,1,6,1
20180209t0000,2018,1,6,1
20180210t0000,2018,1,6,2
20180211t0000,2018,1,7,2
20180212t0000,2018,1,7,1
20180213t0000,2018,1,7,1
20180214t0000,2018,1,7,1
20180215t0000,2018,1,7,1
20180216t0000,2018,1,7,1
20180217t0000,2018,1,7,2
20180218t0000,2018,1,8,2
20180219t0000,2018,1,8,1
20180220t0000,2018,1,8,1
20180221t0000,2018,1,8,1
20180222t0000,2018,1,8,1
20180223t0000,2018,1,8,1
20180224t0000,2018,1,8,2
20180225t0000,2018,1,9,2
20180226t0000,2018,1,9,1
20180227t0000,2018,1,9,1
20180228t0000,2018,1,9,1
20180301t0000,2018,1,9,1
20180302t0000,2018,1,9,1
20180303t0000,2018,1,9,2
20180304t0000,2018,1,10,2
20180305t0000,2018,1,10,1
20180306t0000,2018,1,10,1
20180307t0000,2018,1,10,1
20180308t0000,2018,1,10,1
20180309t0000,2018,1,10,1
20180310t0000,2018,1,10,2
20180311t0000,2018,1,11,2
20180312t0000,2018,1,11,1
20180313t0000,2018,1,11,1
20180314t0000,2018,1,11,1
20180315t0000,2018,1,11,1
20180316t0000,2018,1,11,1
20180317t0000,2018,1,11,2
20180318t0000,2018,1,12,2
20180319t0000,2018,1,12,1
20180320t0000,2018,1,12,1
20180321t0000,2018,1,12,1
20180322t0000,2018,1,12,1
20180323t0000,2018,1,12,1
20180324t0000,2018,1,12,2
20180325t0000,2018,1,13,2
20180326t0000,2018,1,13,1
20180327t0000,2018,1,13,1
20180328t0000,2018,1,13,1
20180329t0000,2018,1,13,1
20180330t0000,2018,1,13,1
20180331t0000,2018,1,13,2
20180401t0000,2018,2,14,2
20180402t0000,2018,2,14,1
20180403t0000,2018,2,14,1
20180404t0000,2018,2,14,1
20180405t0000,2018,2,14,1
20180406t0000,2018,2,14,1
20180407t0000,2018,2,14,2
20180408t0000,2018,2,15,2
20180409t0000,2018,2,15,1
20180410t0000,2018,2,15,1
20180411t0000,2018,2,15,1
20180412t0000,2018,2,15,1
20180413t0000,2018,2,15,1
20180414t0000,2018,2,15,2
20180415t0000,2018,2,16,2
20180416t0000,2018,2,16,1
20180417t0000,2018,2,16,1
20180418t0000,2018,2,16,1
20180419t0000,2018,2,16,1
20180420t0000,2018,2,16,1
20180421t0000,2018,2,16,2
20180422t0000,2018,2,17,2
20180423t0000,2018,2,17,1
20180424t0000,2018,2,17,1
20180425t0000,2018,2,17,1
20180426t0000,2018,2,17,1
20180427t0000,2018,2,17,1
20180428t0000,2018,2,17,2
20180429t0000,2018,2,18,2
20180430t0000,2018,2,18,1
20180501t0000,2018,2,18,1
20180502t0000,2018,2,18,1
20180503t0000,2018,2,18,1
20180504t0000,2018,2,18,1
20180505t0000,2018,2,18,2
20180506t0000,2018,2,19,2
20180507t0000,2018,2,19,1
20180508t0000,2018,2,19,1
20180509t0000,2018,2,19,1
20180510t0000,2018,2,19,1
20180511t0000,2018,2,19,1
20180512t0000,2018,2,19,2
20180513t0000,2018,2,20,2
20180514t0000,2018,2,20,1
20180515t0000,2018,2,20,1
20180516t0000,2018,2,20,1
20180517t0000,2018,2,20,1
20180518t0000,2018,2,20,1
20180519t0000,2018,2,20,2
20180520t0000,2018,2,21,2
20180521t0000,2018,2,21,1
20180522t0000,2018,2,21,1
20180523t0000,2018,2,21,1
20180524t0000,2018,2,21,1
20180525t0000,2018,2,21,1
20180526t0000,2018,2,21,2
20180527t0000,2018,2,22,2
20180528t0000,2018,2,22,1
20180529t0000,2018,2,22,1
20180530t0000,2018,2,22,1
20180531t0000,2018,2,22,1
20180601t0000,2018,2,22,1
20180602t0000,2018,2,22,2
20180603t0000,2018,2,23,2
20180604t0000,2018,2,23,1
20180605t0000,2018,2,23,1
20180606t0000,2018,2,23,1
20180607t0000,2018,2,23,1
20180608t0000,2018,2,23,1
20180609t0000,2018,2,23,2
20180610t0000,2018,2,24,2
20180611t0000,2018,2,24,1
20180612t0000,2018,2,24,1
20180613t0000,2018,2,24,1
20180614t0000,2018,2,24,1
20180615t0000,2018,2,24,1
20180616t0000,2018,2,24,2
20180617t0000,2018,2,25,2
20180618t0000,2018,2,25,1
20180619t0000,2018,2,25,1
20180620t0000,2018,2,25,1
20180621t0000,2018,2,25,1
20180622t0000,2018,2,25,1
20180623t0000,2018,2,25,2
20180624t0000,2018,2,26,2
20180625t0000,2018,2,26,1
20180626t0000,2018,2,26,1
20180627t0000,2018,2,26,1
20180628t0000,2018,2,26,1
20180629t0000,2018,2,26,1
20180630t0000,2018,2,26,2
20180701t0000,2018,3,27,2
20180702t0000,2018,3,27,1
20180703t0000,2018,3,27,1
20180704t0000,2018,3,27,1
20180705t0000,2018,3,27,1
20180706t0000,2018,3,27,1
20180707t0000,2018,3,27,2
20180708t0000,2018,3,28,2
20180709t0000,2018,3,28,1
20180710t0000,2018,3,28,1
20180711t0000,2018,3,28,1
20180712t0000,2018,3,28,1
20180713t0000,2018,3,28,1
20180714t0000,2018,3,28,2
20180715t0000,2018,3,29,2
20180716t0000,2018,3,29,1
20180717t0000,2018,3,29,1
20180718t0000,2018,3,29,1
20180719t0000,2018,3,29,1
20180720t0000,2018,3,29,1
20180721t0000,2018,3,29,2
20180722t0000,2018,3,30,2
20180723t0000,2018,3,30,1
20180724t0000,2018,3,30,1
20180725t0000,2018,3,30,1
20180726t0000,2018,3,30,1
20180727t0000,2018,3,30,1
20180728t0000,2018,3,30,2
20180729t0000,2018,3,31,2
20180730t0000,2018,3,31,1
20180731t0000,2018,3,31,1
20180801t0000,2018,3,31,1
20180802t0000,2018,3,31,1
20180803t0000,2018,3,31,1
20180804t0000,2018,3,31,2
20180805t0000,2018,3,32,2
20180806t0000,2018,3,32,1
20180807t0000,2018,3,32,1
20180808t0000,2018,3,32,1
20180809t0000,2018,3,32,1
20180810t0000,2018,3,32,1
20180811t0000,2018,3,32,2
20180812t0000,2018,3,33,2
20180813t0000,2018,3,33,1
20180814t0000,2018,3,33,1
20180815t0000,2018,3,33,1
20180816t0000,2018,3,33,1
20180817t0000,2018,3,33,1
20180818t0000,2018,3,33,2
20180819t0000,2018,3,34,2
20180820t0000,2018,3,34,1
20180821t0000,2018,3,34,1
20180822t0000,2018,3,34,1
20180823t0000,2018,3,34,1
20180824t0000,2018,3,34,1
20180825t0000,2018,3,34,2
20180826t0000,2018,3,35,2
20180827t0000,2018,3,35,1
20180828t0000,2018,3,35,1
20180829t0000,2018,3,35,1
20180830t0000,2018,3,35,1
20180831t0000,2018,3,35,1
20180901t0000,2018,3,35,2
20180902t0000,2018,3,36,2
20180903t0000,2018,3,36,1
20180904t0000,2018,3,36,1
20180905t0000,2018,3,36,1
20180906t0000,2018,3,36,1
20180907t0000,2018,3,36,1
20180908t0000,2018,3,36,2
20180909t0000,2018,3,37,2
20180910t0000,2018,3,37,1
20180911t0000,2018,3,37,1
20180912t0000,2018,3,37,1
20180913t0000,2018,3,37,1
20180914t0000,2018,3,37,1
20180915t0000,2018,3,37,2
20180916t0000,2018,3,38,2
20180917t0000,2018,3,38,1
20180918t0000,2018,3,38,1
20180919t0000,2018,3,38,1
20180920t0000,2018,3,38,1
20180921t0000,2018,3,38,1
20180922t0000,2018,3,38,2
20180923t0000,2018,3,39,2
20180924t0000,2018,3,39,1
20180925t0000,2018,3,39,1
20180926t0000,2018,3,39,1
20180927t0000,2018,3,39,1
20180928t0000,2018,3,39,1
20180929t0000,2018,3,39,2
20180930t0000,2018,3,40,2
20181001t0000,2018,4,40,1
20181002t0000,2018,4,40,1
20181003t0000,2018,4,40,1
20181004t0000,2018,4,40,1
20181005t0000,2018,4,40,1
20181006t0000,2018,4,40,2
20181007t0000,2018,4,41,2
20181008t0000,2018,4,41,1
20181009t0000,2018,4,41,1
20181010t0000,2018,4,41,1
20181011t0000,2018,4,41,1
20181012t0000,2018,4,41,1
20181013t0000,2018,4,41,2
20181014t0000,2018,4,42,2
20181015t0000,2018,4,42,1
20181016t0000,2018,4,42,1
20181017t0000,2018,4,42,1
20181018t0000,2018,4,42,1
20181019t0000,2018,4,42,1
20181020t0000,2018,4,42,2
20181021t0000,2018,4,43,2
20181022t0000,2018,4,43,1
20181023t0000,2018,4,43,1
20181024t0000,2018,4,43,1
20181025t0000,2018,4,43,1
20181026t0000,2018,4,43,1
20181027t0000,2018,4,43,2
20181028t0000,2018,4,44,2
20181029t0000,2018,4,44,1
20181030t0000,2018,4,44,1
20181031t0000,2018,4,44,1
20181101t0000,2018,4,44,1
20181102t0000,2018,4,44,1
20181103t0000,2018,4,44,2
20181104t0000,2018,4,45,2
20181105t0000,2018,4,45,1
20181106t0000,2018,4,45,1
20181107t0000,2018,4,45,1
20181108t0000,2018,4,45,1
20181109t0000,2018,4,45,1
20181110t0000,2018,4,45,2
20181111t0000,2018,4,46,2
20181112t0000,2018,4,46,1
20181113t0000,2018,4,46,1
20181114t0000,2018,4,46,1
20181115t0000,2018,4,46,1
20181116t0000,2018,4,46,1
20181117t0000,2018,4,46,2
20181118t0000,2018,4,47,2
20181119t0000,2018,4,47,1
20181120t0000,2018,4,47,1
20181121t0000,2018,4,47,1
20181122t0000,2018,4,47,1
20181123t0000,2018,4,47,1
20181124t0000,2018,4,47,2
20181125t0000,2018,4,48,2
20181126t0000,2018,4,48,1
20181127t0000,2018,4,48,1
20181128t0000,2018,4,48,1
20181129t0000,2018,4,48,1
20181130t0000,2018,4,48,1
20181201t0000,2018,4,48,2
20181202t0000,2018,4,49,2
20181203t0000,2018,4,49,1
20181204t0000,2018,4,49,1
20181205t0000,2018,4,49,1
20181206t0000,2018,4,49,1
20181207t0000,2018,4,49,1
20181208t0000,2018,4,49,2
20181209t0000,2018,4,50,2
20181210t0000,2018,4,50,1
20181211t0000,2018,4,50,1
20181212t0000,2018,4,50,1
20181213t0000,2018,4,50,1
20181214t0000,2018,4,50,1
20181215t0000,2018,4,50,2
20181216t0000,2018,4,51,2
20181217t0000,2018,4,51,1
20181218t0000,2018,4,51,1
20181219t0000,2018,4,51,1
20181220t0000,2018,4,51,1
20181221t0000,2018,4,51,1
20181222t0000,2018,4,51,2
20181223t0000,2018,4,52,2
20181224t0000,2018,4,52,1
20181225t0000,2018,4,52,1
20181226t0000,2018,4,52,1
20181227t0000,2018,4,52,1
20181228t0000,2018,4,52,1
20181229t0000,2018,4,52,2
20181230t0000,2018,4,53,2
20181231t0000,2018,4,53,1
